"name","output","price","value"
"其他綠肥"," 3640 "," 14000 ","50958"
"青皮豆"," 10045 "," 14000 ","140632"
"油菜"," 7585 "," 14000 ","106194"
"太陽麻"," 18620 "," 14000 ","260679"
"大豆"," 4397 "," 14000 ","61557"
"田菁"," 21506 "," 14000 ","301080"
"其他"," 369132 ","1658 ","612037"
"狼尾草","284020 "," 1150 ","326624"
"盤固拉","209512 "," 1040 ","217892"
"盆花類(公頃)"," 1036 "," 1049201 ","1086552"
"苗圃類(公頃)"," 9474 "," 455860 ","4318749"
"種籽類"," 6 "," 900000 ","5524"
"球根類"," 12 "," 43000 ","516"
"蘭花"," 80242 "," 65821 ","5281590"
"玉蘭花","115 "," 103000 ","11836"
"其他切花","16644 "," 63524 ","1057297"
"天堂鳥"," 574 "," 104160 ","59750"
"非洲菊"," 5665 "," 42000 ","237926"
"火鶴花"," 3399 "," 120720 ","410336"
"滿天星"," 347 "," 47380 ","16448"
"玫瑰"," 7484 "," 68400 ","511911"
"百合"," 5567 "," 294526 ","1639748"
"香石竹"," 2243 "," 40800 ","91498"
"洋桔梗"," 2138 "," 115680 ","247320"
"大理花"," 154 "," 115800 ","17789"
"夜來香"," 796 "," 68520 ","54549"
"唐菖蒲"," 2108 "," 48720 ","102699"
"菊花"," 14719 "," 59779 ","879897"
"其他青果類","88074","38770","3414660"
"可可椰子","19561","10230","200106"
"百香果","25578","47440","1213402"
"番荔枝","59115","89903","5314664"
"棗","32800","55960","1835475"
"木瓜","127244","27790","3536104"
"蘋果","1619","57100","92447"
"梨","118649","57440","6815188"
"楊桃","8865","22270","197423"
"橄欖","1591","16400","26092"
"荔枝","78668","54170","4261447"
"梅","17382","31406","545912"
"柿","84301","64460","5434014"
"桃","22506","69720","1569124"
"李","13080","47920","626800"
"枇杷","7100","159200","1130352"
"葡萄","97799","64480","6306090"
"蓮霧","48939","59280","2901086"
"番石榴","176304","26390","4652654"
"檳榔","102918","89000","9159703"
"芒果","146672","47773","7007002"
"龍眼","77198","40000","3087915"
"其他雜柑類","60465","25336","1531957"
"葡萄柚","8682","22630","196471"
"檸檬","41431","30870","1278990"
"柳橙","142397","19530","2781017"
"白柚","10850","30200","327670"
"斗柚","979","30200","29566"
"文旦柚","60895","33850","2061296"
"桶柑","52023","24430","1270922"
"椪柑","108058","26410","2853812"
"鳳梨","493998","21280","10512277"
"香蕉","274066","20620","5651241"
"其他菇類","9482","183586","1740741"
"金針菇","21537","34800","749471"
"香菇","5665","1528960","8661381"
"洋菇","5054","111800","564983"
"草莓","8810","160780","1416485"
"洋香瓜","34755","34430","1196600"
"香瓜","22968","32700","751068"
"西瓜","220846","14120","3118345"
"其他果菜類","176424","27800","4904508"
"毛豆","84490","15220","1285937"
"荷蘭豆","3860","56740","219008"
"菜豆","10789","39890","430359"
"番椒","29307","33925","994228"
"蕃茄","108082","35860","3875817"
"茄子","34561","22760","786613"
"苦瓜","30225","35480","1072372"
"冬瓜","22643","11950","270583"
"胡瓜","51224","23890","1223730"
"越瓜","3232","11000","35555"
"金針菜","340","607810","206772"
"花椰菜","68515","28005","1918743"
"其他葉菜類","337223","20027","6753450"
"不結球白菜","93754","19090","1789755"
"結球白菜","87252","11070","965882"
"甘藍","431968","13020","5624221"
"芹菜","26498","28900","765782"
"甕菜","37172","30330","1127431"
"大芥菜","38213","10890","416138"
"其他莖菜類","30997","0","0"
"荸薺","116","62300","7222"
"蘆筍","2582","129670","334748"
"竹筍","250989","50930","12782859"
"韭菜","22960","28270","649086"
"茭白筍","46189","59830","2763463"
"蒜頭","52016","54180","2818216"
"蒜","8059","40770","328567"
"洋蔥","75768","11520","872842"
"馬鈴薯","62287","22360","1392737"
"蔥頭","13495","42600","574876"
"蔥","117210","31710","3716716"
"芋","42274","36320","1535388"
"薑","23372","46980","1098037"
"其他根菜類","10749","20909","224754"
"胡蘿蔔","114388","11170","1277713"
"蘿蔔","95017","7750","736380"
"其他特用作物","22728","153975","3499482 "
"山藥","15729","36930","580864 "
"香花作物","186","697751","129459 "
"樹薯","609","20000","12190 "
"芝麻","1886","215270","406007 "
"菸草"," 0 "," 0 ","0 "
"茶葉","14738","507370","7477440 "
"生食用甘蔗","43093","10510","452904 "
"製糖甘蔗","578778","964","557942 "
"其他豆類","521","28465","14826"
"綠豆","274","86600","23710"
"紅豆","13145","64370","846113"
"花豆","8","20000","151"
"落花生","59471","53570","3185878"
"其他糧食作物","1366","43830","59891"
"甘藷","236266","13230","3125803"
"蜀黍","2329","26000","60548"
"栗","473","75000","35462"
"小麥","6096","31580","192522"
"食用玉米","106091","18880","2003004"
"硬質玉米","68668","8970","615948"
"稻米(糙米)","1561642","27526","42986458"
"其他綠肥"," 0 "," 0 ","0"
"青皮豆"," 115787 "," 0 ","0"
"油菜"," 116543 "," 0 ","0"
"太陽麻"," 308167 "," 0 ","0"
"大豆"," 139209 "," 0 ","0"
"田菁"," 427641 "," 0 ","0"
"其他","0","0 ","0"
"狼尾草","277259 "," 0 ","0"
"盤固拉","211300 "," 0 ","0"
"盆花類(公頃)"," 1164343 "," 1102639 ","1283849669"
"苗圃類(公頃)"," 4469731 "," 468239 ","2092900583"
"種籽類"," 1 "," 900000 ","1080"
"球根類"," 1 "," 43000 ","29"
"蘭花"," 80647 "," 86918 ","7009684"
"玉蘭花","134 "," 154300 ","20622"
"其他切花","0","0","0"
"天堂鳥"," 601 "," 122160 ","73428"
"非洲菊"," 5405 "," 41400 ","223773"
"火鶴花"," 3336 "," 123840 ","413182"
"滿天星"," 328 "," 50780 ","16640"
"玫瑰"," 6912 "," 64440 ","445386"
"百合"," 5829 "," 344040 ","2005487"
"香石竹"," 2410 "," 45840 ","110467"
"洋桔梗"," 2167 "," 143640 ","311292"
"大理花"," 163 "," 78720 ","12794"
"夜來香"," 828 "," 62280 ","51564"
"唐菖蒲"," 1813 "," 52800 ","95721"
"菊花"," 15352 "," 75748 ","1162913"
"其他青果類","0","0","0"
"可可椰子","18955","9340","177043"
"百香果","25130","57090","1434685"
"番荔枝","0","0","0"
"棗","33221","47670","1583650"
"木瓜","57014","30640","1746905"
"蘋果","1178","63900","75297"
"梨","91032","55360","5039529"
"楊桃","7611","24660","187695"
"橄欖","1676","19400","32505"
"荔枝","25255","132150","3337492"
"梅","8270","39140","323680"
"柿","39595","92580","3665712"
"桃","16171","124000","2005233"
"李","8090","66060","534411"
"枇杷","5183","178210","923695"
"葡萄","88635","78500","6957853"
"蓮霧","57014","58950","3360968"
"番石榴","179038","24840","4447292"
"檳榔","103767","55500","5759062"
"芒果","162424","45923","7459027"
"龍眼","18251","105930","1933302"
"其他雜柑類","9607","16600","159478"
"葡萄柚","8582","18340","157402"
"檸檬","46105","22180","1022609"
"柳橙","147842","20740","3066233"
"白柚","11158","43410","484367"
"斗柚","649","43410","28158"
"文旦柚","71962","35300","2540275"
"桶柑","54069","27830","1504750"
"椪柑","122027","32000","3904849"
"鳳梨","431084","20520","8845846"
"香蕉","342629","21370","7321973"
"其他菇類","6366","39300","250196"
"金針菇","20858","34300","715439"
"香菇","5639","1506600","8495763"
"洋菇","4571","111740","510800"
"草莓","8743","153910","1345595"
"洋香瓜","27060","37130","1004731"
"香瓜","22931","31130","713857"
"西瓜","176004","14320","2520380"
"其他果菜類","3513","30600","107499"
"毛豆","69309","13750","952999"
"荷蘭豆","4060","62510","253818"
"菜豆","9990","38510","384715"
"番椒","9024","62960","568140"
"蕃茄","104794","37100","3887847"
"茄子","34874","24760","863485"
"苦瓜","30013","35660","1070270"
"冬瓜","21270","12200","259496"
"胡瓜","48968","26030","1274644"
"越瓜","2088","31570","65930"
"金針菜","308","625480","192773"
"花椰菜","38882","26430","1027661"
"其他葉菜類","156919","20300","3185461"
"不結球白菜","106288","21190","2252248"
"結球白菜","72955","13180","961549"
"甘藍","423364","17180","7273392"
"芹菜","25931","37060","961000"
"甕菜","33918","29150","988712"
"大芥菜","29980","11710","351072"
"其他莖菜類","8279","27200","225196"
"荸薺","104","66800","6952"
"蘆筍","2681","122690","328944"
"竹筍","247958","54890","13610438"
"韭菜","24657","31190","769044"
"茭白筍","30243","64460","1949471"
"蒜頭","39667","80970","3211863"
"蒜","7831","46390","363265"
"洋蔥","57974","16060","931059"
"馬鈴薯","62447","22390","1398177"
"蔥頭","11675","76600","894342"
"蔥","101815","56920","5795324"
"芋","45297","39150","1773358"
"薑","23986","34470","826805"
"其他根菜類","712","27200","19372"
"胡蘿蔔","103898","11570","1202097"
"蘿蔔","92132","6600","608071"
"其他特用作物","0","0","0"
"山藥","14899","28250","420907"
"香花作物","0","0","0"
"樹薯","616","58300","35939"
"芝麻","2104","203690","428631"
"菸草"," 0 "," 0 ","0"
"茶葉","14656","479030","7020702"
"生食用甘蔗","42778","10350","442749"
"製糖甘蔗","532569","963","512864"
"其他豆類","431","24000","10341"
"綠豆","70","93150","6566"
"紅豆","12136","63890","775398"
"花豆","7","20000","134"
"落花生","53198","53570","2849816"
"其他糧食作物","403","32000","12904"
"甘藷","195652","15110","2956301"
"蜀黍","2268","26000","58976"
"栗","309","82500","25451"
"小麥","4831","31550","152415"
"食用玉米","105222","19230","2023416"
"硬質玉米","73540","8950","658187"
"稻米(糙米)","1428251","27930","39891467"
"蠶","-","-","-"
"盆花類","797","1570233","1251224"
"苗圃類","7111","358623","2550172"
"種籽類","1","960000","643"
"球根類","182","38500","7016"
"蘭花","42832","52000","2227252"
"其他切花","23576","63109","1488619"
"天堂鳥","456","101760","46439"
"非洲菊","5435","48120","261522"
"火鶴花","2971","127560","378983"
"滿天星","237","60000","14220"
"玫瑰","14253","50760","723502"
"百合","6062","144840","878062"
"香石竹","4089","39000","159471"
"洋桔梗","1553","75000","116439"
"大理花","3630","39600","143767"
"夜來香","2004","48000","96190"
"唐菖蒲","6980","62402","435565"
"菊花","21863","48000","1049400"
"其他青果類","32494","17023","553144"
"可可椰子","38556","5300","204347"
"百香果","5035","21450","107995"
"番荔枝","75554","33500","2531049"
"棗","32844","32250","1059203"
"蘋果","5801","39500","229156"
"梨","113183","34500","3904824"
"楊桃","20928","21890","458107"
"橄欖","2400","25000","60002"
"荔枝","70537","32250","2274826"
"梅","45937","17720","813996"
"枇杷","5652","102500","579304"
"葡萄","71105","35700","2538435"
"蓮霧","84991","31800","2702705"
"木瓜","88475","16800","1486386"
"柿","27111","30250","820107"
"桃","25468","42500","1082387"
"李","29202","20500","598640"
"番石榴","137166","15300","2098646"
"檳榔","138095","73000","10080945"
"芒果","149996","40500","6074843"
"龍眼","102790","27400","2816447"
"其他雜柑類","35991","18390","661857"
"葡萄柚","8180","17360","142011"
"檸檬","16581","27631","458142"
"白柚","9504","27600","262312"
"斗柚","766","15000","11490"
"文旦柚","69830","26500","1850496"
"桶柑","43656","20350","888391"
"柳橙","193847","10200","1977240"
"椪柑","93207","21500","2003960"
"鳳梨","439872","17500","7697767"
"香蕉","148715","22000","3271740"
"香菇","4526","570370","2581519"
"洋菇","5117","54000","276326"
"其他果菜類","95164","15288","1454861"
"草莓","5750","99510","572152"
"香瓜","33272","23000","765267"
"洋香瓜","60307","28660","1728389"
"西瓜","212488","11500","2443611"
"番椒","30180","30500","920494"
"蕃茄","118422","12800","1515808"
"毛豆","60629","12000","727550"
"荷蘭豆","7852","40500","318012"
"菜豆","15138","23000","348177"
"茄子","24844","24500","608679"
"苦瓜","28342","25250","715636"
"冬瓜","28199","10300","290451"
"胡瓜","51363","13500","693400"
"越瓜","5130","7640","39190"
"金針菜","673","320000","215433"
"花椰菜","72548","18750","1360272"
"其他葉菜類","219925","13476","2963725"
"芹菜","31710","18500","586640"
"甕菜","43942","15200","667921"
"不結球白菜","73720","16500","1216382"
"結球白菜","109382","10300","1126632"
"大芥菜","51922","9300","482877"
"甘藍","316115","9000","2845032"
"其他莖菜類","42561","17860","760137"
"茭白筍","45801","32500","1488546"
"蘆筍","4635","46000","213230"
"竹筍","232856","13800","3213410"
"荸薺","19","25000","475"
"蒜頭","55622","27500","1529610"
"蒜","27392","28000","766965"
"韭菜","32316","23500","759416"
"洋蔥","54000","9000","486004"
"蔥頭","8544","25000","213600"
"蔥","91696","51800","4749871"
"馬鈴薯","41729","12000","500754"
"芋","37740","18500","698182"
"薑","36698","21500","789013"
"其他根菜類","15661","8649","135455"
"胡蘿蔔","97934","7500","734506"
"蘿蔔","132390","7400","979684"
"其他特用作物","44768","39868","1784833"
"香花作物","119","150000","17812"
"樹薯","711","5000","3557"
"芝麻","451","150430","67901"
"生食用甘蔗","64754","10420","674735"
"製糖甘蔗","875458","749","655805"
"菸草","2743","165980","455254"
"茶葉","18803","200000","3760540"
"其他豆類","661","28000","18501"
"落花生","53948","45940","2478388"
"紅豆","4850","76630","371663"
"綠豆","100","82590","8248"
"花豆","23","25000","577"
"大豆","213","25000","5328"
"其他糧食作物","236","34600","8168"
"蜀黍","8325","14000","116553"
"栗","797","22000","17525"
"食用玉米","91653","13110","1201570"
"飼料玉米","41820","15000","627307"
"小麥","196","22000","4321"
"甘藷","213991","12150","2599989"
"稻米","1187596","23695","28139682"
"盆花類","824","1494501","1231155"
"苗圃類","7695","372085","2863314"
"種籽類","1","950000","988"
"球根類","99","39500","3916"
"蘭花","57785","48000","2773696"
"其他切花","28865","59221","1709401"
"天堂鳥","471","94800","44626"
"非洲菊","6106","34080","208097"
"火鶴花","3770","127680","481299"
"滿天星","369","51000","18813"
"玫瑰","13419","44400","595796"
"百合","5293","137000","725160"
"香石竹","4511","35280","159147"
"洋桔梗","1601","68500","109679"
"大理花","3746","38500","144221"
"夜來香","2919","45840","133813"
"唐菖蒲","6875","56160","386078"
"菊花","22187","42000","931864"
"其他青果類","36790","20420","751266"
"可可椰子","44826","4800","215164"
"百香果","5773","20500","118353"
"番荔枝","85005","32000","2720159"
"棗","30230","35000","1058035"
"木瓜","129283","16200","2094379"
"蘋果","5930","39000","231262"
"梨","126628","31850","4033099"
"楊桃","23977","18100","433984"
"橄欖","2499","24000","59984"
"荔枝","84652","30500","2581886"
"梅","48001","18840","904343"
"柿","26395","29300","773382"
"桃","28508","41500","1183069"
"李","26297","19500","512783"
"枇杷","6959","97500","678537"
"葡萄","102291","37480","3833885"
"蓮霧","69234","32800","2270869"
"番石榴","170169","14200","2416396"
"檳榔","141563","69500","9838625"
"芒果","191332","33450","6400061"
"龍眼","102693","28000","2875406"
"其他雜柑類","47490","22731","1079486"
"葡萄柚","10122","16500","167020"
"檸檬","16918","30100","509227"
"柳橙","228225","9500","2168139"
"白柚","10508","28000","294212"
"斗柚","977","15000","14653"
"文旦柚","73571","27000","1986418"
"桶柑","50535","21500","1086508"
"椪柑","110645","20500","2268213"
"鳳梨","491588","17000","8356999"
"香蕉","214277","17500","3749844"
"香菇","4643","585000","2716432"
"洋菇","4663","56700","264410"
"草莓","6328","92000","582149"
"洋香瓜","73727","25950","1913219"
"香瓜","41171","21000","864597"
"西瓜","236322","10500","2481386"
"其他果菜類","116537","15501","1806420"
"毛豆","57273","13000","744553"
"荷蘭豆","7811","38000","296829"
"菜豆","18911","19550","369703"
"番椒","30234","25900","783072"
"蕃茄","119275","11000","1312020"
"茄子","32431","18560","601910"
"苦瓜","35807","20200","723302"
"冬瓜","37668","7210","271589"
"胡瓜","52946","12000","635352"
"越瓜","7445","6900","51369"
"金針菜","686","310000","212811"
"花椰菜","75871","17400","1320154"
"其他葉菜類","213948","14136","3024369"
"不結球白菜","82256","14850","1221508"
"結球白菜","132830","9500","1261889"
"甘藍","355072","8680","3082021"
"芹菜","33356","17600","587069"
"甕菜","47963","14000","671484"
"大芥菜","53949","9000","485543"
"其他莖菜類","33848","16437","556365"
"荸薺","0","0","0"
"蘆筍","4413","52900","233461"
"竹筍","313356","13500","4230301"
"韭菜","39521","17600","695577"
"茭白筍","46265","30850","1427278"
"蒜頭","43843","45000","1972940"
"蒜","23681","33600","795689"
"洋蔥","48050","11500","552569"
"馬鈴薯","49569","10800","535343"
"蔥頭","7082","25000","177046"
"蔥","102577","41500","4256938"
"芋","42497","18000","764945"
"薑","29824","25800","769471"
"其他根菜類","13333","10434","139110"
"胡蘿蔔","93897","8250","774647"
"蘿蔔","116416","7230","841687"
"其他特用作物","35047","48079","1685033"
"山藥","17377","20000","347533"
"香花作物","104","150000","15547"
"樹薯","917","5000","4587"
"芝麻","571","153480","87654"
"菸草","2193","168984","370599"
"茶葉","19345","225000","4352679"
"生食用甘蔗","63216","10720","677675"
"製糖甘蔗","651041","885","576237"
"其他豆類","600","28000","16813"
"綠豆","71","74620","5317"
"紅豆","7831","52590","411847"
"花豆","30","25000","740"
"落花生","71561","46460","3324721"
"大豆","187","25000","4672"
"其他糧食作物","357","32740","11692"
"甘藷","235203","10380","2441407"
"蜀黍","4732","14000","66252"
"栗","689","22000","15167"
"小麥","271","22000","5958"
"食用玉米","91075","12450","1133884"
"飼料玉米","37358","15000","560363"
"稻米","1261803","23284","29379921"
"蠶","-","-","-"
"盆花類","781","1360373","1062084"
"苗圃類","7915","343160","2716145"
"種籽類","2","930000","1767"
"球根類","154","38000","5854"
"蘭花","58064","49500","2874180"
"其他切花","26411","61208","1616574"
"天堂鳥","408","96000","39208"
"非洲菊","6831","39960","272983"
"火鶴花","3534","135600","479158"
"滿天星","238","58000","13788"
"玫瑰","12822","45600","584705"
"百合","6555","132890","871057"
"香石竹","4032","37080","149523"
"洋桔梗","1424","70500","100380"
"大理花","1585","42000","66577"
"夜來香","2293","45720","104820"
"唐菖蒲","5693","61200","348424"
"菊花","22017","48000","1056839"
"其他青果類","31842","20045","638266"
"可可椰子","41807","4850","202762"
"百香果","4770","26000","124010"
"番荔枝","78830","37000","2916713"
"棗","38795","34000","1319031"
"木瓜","92914","21000","1951197"
"蘋果","5953","40500","241092"
"梨","150429","31250","4700904"
"楊桃","20196","20100","405931"
"橄欖","2579","21200","54671"
"荔枝","99721","29500","2941758"
"梅","37834","21640","818730"
"柿","32962","28400","936127"
"桃","28435","42200","1199958"
"李","25830","21000","542430"
"枇杷","7107","111410","791838"
"葡萄","90081","41500","3738353"
"蓮霧","82223","32400","2664019"
"番石榴","131703","16900","2225783"
"檳榔","134497","63940","8599766"
"芒果","215292","31550","6792447"
"龍眼","108612","25500","2769603"
"其他雜柑類","45934","24086","1106373"
"葡萄柚","9167","16030","146951"
"檸檬","17166","20000","343323"
"柳橙","192910","10450","2015906"
"白柚","8777","32000","280854"
"斗柚","801","20000","16026"
"文旦柚","63711","29160","1857819"
"桶柑","44881","27950","1254410"
"椪柑","89727","22550","2023342"
"鳳梨","476811","14000","6675357"
"香蕉","241729","13650","3299602"
"香菇","4184","695930","2911670"
"洋菇","4304","65000","279738"
"草莓","6096","93000","566940"
"洋香瓜","50702","27000","1368948"
"香瓜","31481","25000","787035"
"西瓜","220773","12000","2649278"
"其他果菜類","111998","17995","2015410"
"毛豆","43343","14850","643642"
"荷蘭豆","6295","45000","283285"
"菜豆","16423","25000","410587"
"番椒","26272","31724","833471"
"蕃茄","96841","20000","1936820"
"茄子","25500","21500","548253"
"苦瓜","31313","25600","801624"
"冬瓜","28060","9500","266573"
"胡瓜","47900","13200","632284"
"越瓜","4407","7400","32614"
"金針菜","602","370000","222811"
"花椰菜","67917","20900","1419469"
"其他葉菜類","211157","15971","3372338"
"不結球白菜","72896","15000","1093437"
"結球白菜","88733","11000","976060"
"甘藍","318717","10950","3489946"
"芹菜","29057","20000","581135"
"甕菜","35176","19500","685941"
"大芥菜","48663","10500","510963"
"其他莖菜類","36408","18510","673910"
"荸薺","106","30000","3176"
"蘆筍","3141","63000","197869"
"竹筍","291709","20400","5950859"
"韭菜","30945","23000","711736"
"茭白筍","44291","37500","1660924"
"蒜頭","43840","48500","2126233"
"蒜","20822","35280","734607"
"洋蔥","67295","12000","807534"
"馬鈴薯","47389","14000","663451"
"蔥頭","7905","25000","197624"
"蔥","97920","38000","3720957"
"芋","42472","18000","764495"
"薑","32373","24510","793461"
"其他根菜類","11573","10514","121680"
"胡蘿蔔","85793","9000","772137"
"蘿蔔","110856","8500","942273"
"其他特用作物","30402","49892","1516794"
"山藥","15782","25000","394557"
"香花作物","105","193400","20264"
"樹薯","819","10000","8191"
"芝麻","313","170740","53449"
"菸草","1672","179275","299736"
"茶葉","17502","257100","4499869"
"生食用甘蔗","60043","8860","531977"
"製糖甘蔗","720874","770","554713"
"其他豆類","772","28000","21623"
"綠豆","64","74270","4737"
"紅豆","6056","70500","426942"
"花豆","21","25000","518"
"落花生","51885","40500","2101358"
"大豆","147","25000","3687"
"其他糧食作物","189","34864","6578"
"甘藷","200087","10000","2000871"
"蜀黍","4895","14000","68525"
"栗","608","24000","14587"
"小麥","296","22000","6503"
"食用玉米","84985","13070","1110750"
"飼料玉米","33885","15000","508274"
"稻米","1098268","23757","26091341"
"蠶","-","-","-"
"盆花類(公頃)","800","1194315","955619"
"苗圃類(公頃)","7808","335196","2617307"
"種籽類","0","1069500","475"
"球根類","76","43700","3327"
"蘭花","54087","49000","2650285"
"其他切花","24612","62042","1526965"
"天堂鳥","358","84000","30077"
"非洲菊","6130","42000","257467"
"火鶴花","4439","132000","585890"
"滿天星","96","60000","5739"
"玫瑰","12357","52680","650980"
"百合","6445","159468","1027692"
"香石竹","5438","36000","195773"
"洋桔梗","1341","68000","91188"
"大理花","1702","39600","67405"
"夜來香","1501","50400","75658"
"唐菖蒲","4431","60720","269025"
"菊花","17507","46800","819328"
"其他青果類","31095","23179","720738"
"可可椰子","37911","4410","167187"
"百香果","5867","26500","155488"
"番荔枝","67749","42500","2879343"
"棗","31090","42000","1305766"
"木瓜","94359","25000","2358977"
"蘋果","4163","45000","187342"
"梨","138381","34850","4822569"
"楊桃","19038","22110","420926"
"橄欖","2452","21500","52718"
"荔枝","79565","36400","2896173"
"梅","35812","22320","799320"
"柿","33899","29500","1000034"
"桃","29329","41400","1214207"
"李","23001","30000","690034"
"枇杷","7738","111920","866055"
"葡萄","84656","45000","3809507"
"蓮霧","63902","39000","2492179"
"番石榴","141065","19700","2778974"
"檳榔","144195","60000","8651698"
"芒果","176716","37500","6626867"
"龍眼","101909","31100","3169370"
"其他雜柑類","47526","23369","1110632"
"葡萄柚","9339","15000","140087"
"檸檬","18606","17500","325609"
"柳橙","254125","9000","2287126"
"白柚","10174","27000","274709"
"斗柚","862","17500","15081"
"文旦柚","68061","24000","1633471"
"桶柑","54532","21000","1145170"
"椪柑","100689","21000","2114469"
"鳳梨","452060","14376","6498808"
"香蕉","207702","21840","4536205"
"香菇","4233","800000","3386104"
"洋菇","3951","70000","276568"
"草莓","6106","91000","555621"
"洋香瓜","48423","27800","1346172"
"香瓜","24057","27000","649541"
"西瓜","203275","12500","2540941"
"其他果菜類","116644","20681","2412345"
"毛豆","41202","15020","618853"
"荷蘭豆","7127","41000","292222"
"菜豆","14909","26500","395089"
"番椒","24178","31718","766890"
"蕃茄","110662","18500","2047243"
"茄子","25834","21500","555436"
"苦瓜","29684","27900","828176"
"冬瓜","29824","8000","238591"
"胡瓜","45373","15180","688756"
"越瓜","4621","7000","32349"
"金針菜","591","430000","254210"
"花椰菜","67877","20131","1366427"
"其他葉菜類","231684","15827","3666973"
"不結球白菜","69128","16500","1140605"
"結球白菜","98713","10500","1036489"
"甘藍","348818","9675","3374816"
"芹菜","26162","21600","565109"
"甕菜","29506","21450","632909"
"大芥菜","55091","9000","495820"
"其他莖菜類","42235","15035","634994"
"荸薺","66","35000","2324"
"蘆筍","2667","75000","200007"
"竹筍","255046","24400","6223127"
"韭菜","29963","25000","749076"
"茭白筍","46295","40000","1851783"
"蒜頭","54508","38730","2111081"
"蒜","20528","37000","759547"
"洋蔥","72720","10000","727203"
"馬鈴薯","59652","11500","686001"
"蔥頭","11949","23000","274831"
"蔥","95124","42520","4044663"
"芋","38592","28000","1080582"
"薑","31810","25700","817524"
"其他根菜類","9014","12786","115252"
"胡蘿蔔","92319","8500","784712"
"蘿蔔","118720","8000","949756"
"其他特用作物","29342","47912","1405853"
"山藥","18361","30000","550834"
"香花作物","134","155000","20845"
"樹薯","985","10000","9854"
"芝麻","408","200500","81771"
"菸草","1725","186670","321918"
"茶葉","17384","278700","4844785"
"生食用甘蔗","58400","8590","501659"
"製糖甘蔗","707102","773","546763"
"其他豆類","757","27810","21049"
"綠豆","51","74970","3843"
"紅豆","7013","65650","460430"
"花豆","64","22000","1399"
"落花生","55075","44740","2464073"
"大豆","141","25000","3517"
"其他糧食作物","369","30000","11081"
"甘藷","212816","12000","2553790"
"蜀黍","2532","14000","35442"
"栗","605","25000","15114"
"小麥","292","22000","6435"
"食用玉米","80807","14500","1171698"
"飼料玉米","37290","15000","559343"
"稻米","1178178","26620","31362747"
"蠶","-","-","-"
"盆花類(公頃)","772","1311144","1011757"
"苗圃類(公頃)","7924","328221","2600774"
"種籽類","1","1069500","578"
"球根類","25","48000","1213"
"蘭花","62027","47500","2946295"
"其他切花","27019","59131","1597626"
"天堂鳥","329","87600","28782"
"非洲菊","6618","39600","262092"
"火鶴花","4070","138000","561700"
"滿天星","129","55000","7105"
"玫瑰","10734","50160","538418"
"百合","6912","174000","1202762"
"香石竹","4879","38400","187343"
"洋桔梗","1261","72000","90786"
"大理花","1254","48000","60180"
"夜來香","1685","55200","93031"
"唐菖蒲","3896","60720","236574"
"菊花","17855","45600","814177"
"其他青果類","28576","24141","689847"
"可可椰子","35288","5000","176440"
"百香果","6662","28000","186525"
"番荔枝","70370","41000","2885177"
"棗","36991","36500","1350184"
"木瓜","82878","26400","2187968"
"蘋果","3645","48000","174955"
"梨","153450","33100","5079179"
"楊桃","16941","20000","338818"
"橄欖","2583","20400","52693"
"荔枝","95440","32625","3113723"
"梅","46890","16240","761501"
"柿","37032","29000","1073933"
"桃","28838","42250","1218415"
"李","22899","25000","572463"
"枇杷","9213","111850","1030426"
"葡萄","98091","43950","4311093"
"蓮霧","43693","41250","1802354"
"番石榴","135303","20250","2739882"
"檳榔","142636","58800","8387007"
"芒果","140290","36100","5064466"
"龍眼","82602","32250","2663917"
"其他雜柑類","50815","21232","1078901"
"葡萄柚","9444","14500","136931"
"檸檬","14446","20700","299038"
"柳橙","231549","10000","2315485"
"白柚","10891","24500","266823"
"斗柚","803","18500","14855"
"文旦柚","70150","27600","1936130"
"桶柑","53578","20500","1098353"
"椪柑","98179","21000","2061756"
"鳳梨","434769","14348","6238070"
"香蕉","172550","25500","4400020"
"香菇","4012","810000","3249695"
"洋菇","3898","75000","292353"
"草莓","5290","93000","491952"
"洋香瓜","40421","28000","1131789"
"香瓜","26147","28500","745200"
"西瓜","217619","11200","2437337"
"其他果菜類","118770","20339","2415695"
"毛豆","49398","14700","726146"
"荷蘭豆","6653","44500","296069"
"菜豆","15062","26500","399152"
"番椒","25301","31600","799513"
"蕃茄","99491","20500","2039561"
"茄子","27186","20000","543725"
"苦瓜","30491","27200","829342"
"冬瓜","26231","9200","241321"
"胡瓜","44463","14800","658048"
"越瓜","4833","7000","33828"
"金針菜","576","465000","267845"
"花椰菜","76569","18050","1382063"
"其他葉菜類","242723","15658","3800443"
"不結球白菜","80646","14000","1129040"
"結球白菜","120633","8180","986782"
"甘藍","346297","9500","3289823"
"芹菜","27565","18240","502792"
"甕菜","39763","19500","775374"
"大芥菜","41943","8440","354001"
"其他莖菜類","33784","17344","585954"
"荸薺","203","30000","6094"
"蘆筍","2479","78000","193372"
"竹筍","251994","27400","6904640"
"韭菜","35354","21500","760110"
"茭白筍","46169","39500","1823683"
"蒜頭","49600","45000","2231998"
"蒜","18257","29000","529461"
"洋蔥","46969","13500","634084"
"馬鈴薯","51390","13500","693759"
"蔥頭","11843","25000","296075"
"蔥","111347","26000","2895013"
"芋","42551","28500","1212717"
"薑","31393","26200","822484"
"其他根菜類","6386","12460","79563"
"胡蘿蔔","111351","8000","890810"
"蘿蔔","101585","7200","731414"
"其他特用作物","28827","47659","1373881"
"山藥","14398","35000","503936"
"香花作物","103","155000","15981"
"樹薯","726","10000","7259"
"芝麻","948","178010","168784"
"菸草","1928","196380","378684"
"茶葉","16780","292400","4906438"
"生食用甘蔗","51044","9340","476754"
"製糖甘蔗","613228","954","585018"
"其他豆類","490","25117","12307"
"綠豆","70","75400","5313"
"紅豆","8550","66420","567899"
"花豆","25","22000","543"
"落花生","56941","48520","2762760"
"大豆","220","25000","5489"
"其他糧食作物","548","33000","18075"
"甘藷","229038","10200","2336188"
"蜀黍","719","14000","10073"
"栗","479","25000","11963"
"小麥","364","22000","8003"
"食用玉米","87579","13000","1138524"
"飼料玉米","45981","15000","689718"
"稻米","1276534","26458","33775015"
"蠶","-","-","-"
"盆花類(公頃)","775","1224860","949560"
"苗圃類(公頃)","8048","331701","2669409"
"種籽類","0","900000","74"
"球根類","37","43000","1612"
"蘭花","68503","47500","3253899"
"其他切花","26010","70812","1841852"
"天堂鳥","330","90600","29936"
"非洲菊","6515","37200","242375"
"火鶴花","4558","144000","656336"
"滿天星","128","60000","7663"
"玫瑰","12151","49800","605141"
"百合","5741","251400","1443316"
"香石竹","4711","39600","186566"
"洋桔梗","1756","120000","210682"
"大理花","287","54000","15524"
"夜來香","1395","57360","80022"
"唐菖蒲","3939","62400","245803"
"菊花","19015","44400","844245"
"其他青果類","32580","31382","1022421"
"可可椰子","32997","5270","173895"
"百香果","7056","30000","211682"
"番荔枝","64243","43000","2762431"
"棗","34187","39500","1350383"
"木瓜","129322","22300","2883879"
"蘋果","2186","53600","117182"
"梨","174858","35000","6120022"
"楊桃","15727","18500","290940"
"橄欖","2551","22500","57391"
"荔枝","89440","33400","2987310"
"梅","49695","17570","873141"
"柿","58401","31400","1833784"
"桃","28348","46450","1316763"
"李","24826","23000","571004"
"枇杷","9212","83820","772125"
"葡萄","102831","42930","4414535"
"蓮霧","59675","48200","2876325"
"番石榴","167009","19600","3273377"
"檳榔","131737","62916","8288370"
"芒果","135293","37200","5032899"
"龍眼","100436","25230","2533998"
"其他雜柑類","58465","26596","1554931"
"葡萄柚","9207","16000","147314"
"檸檬","18105","24800","449006"
"柳橙","185289","10860","2012233"
"白柚","12720","23000","292570"
"斗柚","1341","17000","22802"
"文旦柚","88100","25000","2202493"
"桶柑","52546","25000","1313650"
"椪柑","102341","21400","2190094"
"鳳梨","420172","16760","7042078"
"香蕉","287895","13820","3978714"
"香菇","4540","846940","3845349"
"洋菇","3149","78000","245638"
"草莓","5473","91320","499813"
"洋香瓜","41156","30000","1234681"
"香瓜","27726","30000","831787"
"西瓜","225925","11000","2485170"
"其他果菜類","129498","20736","2685212"
"毛豆","51339","14740","756738"
"荷蘭豆","6222","47000","292448"
"菜豆","13380","28000","374640"
"番椒","23503","29130","684632"
"蕃茄","116034","21500","2494741"
"茄子","25416","20500","521029"
"苦瓜","30742","26000","799287"
"冬瓜","35996","6000","215974"
"胡瓜","44556","16000","712894"
"越瓜","4265","8000","34119"
"金針菜","386","503900","194669"
"花椰菜","87842","18780","1649680"
"其他葉菜類","256781","15352","3942140"
"不結球白菜","76210","14500","1105042"
"結球白菜","100494","9900","994894"
"甘藍","329149","9410","3097297"
"芹菜","28115","22870","643001"
"甕菜","34187","20000","683748"
"大芥菜","32225","11000","354479"
"其他莖菜類","41341","15954","659557"
"荸薺","54","30000","1617"
"蘆筍","2657","72000","191328"
"竹筍","292209","26440","7725999"
"韭菜","37908","19650","744899"
"茭白筍","46403","42000","1948911"
"蒜頭","44916","70000","3144130"
"蒜","13753","27170","373660"
"洋蔥","58059","15600","905722"
"馬鈴薯","60684","13000","788897"
"蔥頭","10411","26000","270674"
"蔥","111205","26500","2946943"
"芋","53212","23000","1223872"
"薑","34864","28000","976193"
"其他根菜類","15318","11545","176841"
"胡蘿蔔","108178","9000","973604"
"蘿蔔","95113","7850","746634"
"其他特用作物","31699","61212","1940379"
"山藥","17337","26000","450757"
"香花作物","139","145000","20152"
"樹薯","610","10000","6103"
"芝麻","947","161370","152833"
"菸草","1753","202000","354166"
"茶葉","17467","367000","6410527"
"生食用甘蔗","47124","8660","408093"
"製糖甘蔗","665359","1194","794306"
"其他豆類","594","24000","14253"
"綠豆","173","79000","13686"
"紅豆","8693","84890","737962"
"花豆","62","20000","1240"
"落花生","65036","53320","3467744"
"大豆","204","25000","5092"
"其他糧食作物","489","31736","15522"
"甘藷","209191","11400","2384772"
"蜀黍","4411","24640","108680"
"栗","477","25000","11927"
"小麥","5178","31000","160516"
"食用玉米","81237","12700","1031716"
"飼料玉米","34551","15000","518262"
"稻米","1167973","25990","30355766"
"蠶","-","-","-"
"盆花類(公頃)","821","1199420","984544"
"苗圃類(公頃)","7454","421330","3140493"
"種籽類","0","900000","385"
"球根類","0","43000","1"
"蘭花","68343","67055","4582750"
"其他切花","26544","70090","1860455"
"天堂鳥","344","92040","31655"
"非洲菊","7450","36000","268209"
"火鶴花","4817","132000","635796"
"滿天星","64","60000","3866"
"玫瑰","11266","54000","608355"
"百合","7630","239280","1825761"
"香石竹","3841","39600","152118"
"洋桔梗","2626","117600","308872"
"大理花","379","48000","18195"
"夜來香","1296","52920","68584"
"唐菖蒲","3475","61200","212650"
"菊花","20512","50400","1033802"
"其他青果類","35455","35872","1271852"
"可可椰子","29785","5580","166199"
"百香果","7516","28000","210443"
"番荔枝","59739","46200","2759936"
"棗","31050","41450","1287033"
"木瓜","151183","18830","2846783"
"蘋果","1667","64060","106798"
"梨","150013","38400","5760495"
"楊桃","15975","19900","317897"
"橄欖","2262","21400","48408"
"荔枝","90471","35200","3184568"
"梅","42010","20510","861615"
"柿","90100","31050","2797606"
"桃","29719","53000","1575108"
"李","23656","23600","558271"
"枇杷","7994","95670","764788"
"葡萄","107280","43400","4655962"
"蓮霧","78109","39750","3104844"
"番石榴","168848","18350","3098370"
"檳榔","129316","62500","8082246"
"芒果","169380","38250","6478771"
"龍眼","112156","23140","2595296"
"其他雜柑類","63489","24342","1545409"
"葡萄柚","9711","18790","182473"
"檸檬","23833","28160","671141"
"柳橙","178829","11730","2097659"
"白柚","13264","25620","339829"
"斗柚","1043","17500","18258"
"文旦柚","69668","25740","1793245"
"桶柑","54739","23750","1300047"
"椪柑","142369","17860","2542709"
"鳳梨","401367","16800","6742965"
"香蕉","305740","15050","4601381"
"香菇","4716","946180","4462406"
"洋菇","4097","92440","378711"
"草莓","7348","103840","762994"
"洋香瓜","44459","33330","1481827"
"香瓜","33390","43610","1456147"
"西瓜","246643","11528","2843300"
"其他果菜類","124767","17940","2238338"
"毛豆","69231","16640","1152010"
"荷蘭豆","6732","64500","434245"
"菜豆","12299","33850","416317"
"番椒","21611","35791","773475"
"蕃茄","122870","28020","3442826"
"茄子","23123","21920","506854"
"苦瓜","30035","39330","1181266"
"冬瓜","29915","8760","262054"
"胡瓜","45956","14760","678309"
"越瓜","4168","8716","36332"
"金針菜","502","585030","293750"
"花椰菜","90278","18146","1638216"
"其他葉菜類","304995","15835","4829569"
"不結球白菜","88752","15614","1385774"
"結球白菜","94299","9340","880751"
"甘藍","367307","9420","3460109"
"芹菜","25079","22210","557005"
"甕菜","35026","21320","746763"
"大芥菜","32747","11220","367424"
"其他莖菜類","40557","16602","673350"
"荸薺","115","32000","3680"
"蘆筍","3056","72940","222897"
"竹筍","294938","27100","7992818"
"韭菜","41603","20530","854103"
"茭白筍","45353","45940","2083534"
"蒜頭","63939","37020","2367004"
"蒜","14195","41060","582852"
"洋蔥","64801","13710","888419"
"馬鈴薯","63345","12480","790546"
"蔥頭","10402","40000","416099"
"蔥","105826","28340","2999101"
"芋","46882","26690","1251268"
"薑","36617","21280","779210"
"其他根菜類","13667","12291","167970"
"胡蘿蔔","104573","10580","1106387"
"蘿蔔","100996","6350","641325"
"其他特用作物","27390","117197","3209965"
"山藥","13515","30840","416816"
"香花作物","149","172319","25692"
"樹薯","599","10000","5987"
"芝麻","770","227530","175170"
"菸草","1737","200000","347379"
"茶葉","17310","398300","6894424"
"生食用甘蔗","34608","9320","322543"
"製糖甘蔗","653952","1284","839674"
"其他豆類","690","24256","16749"
"綠豆","43","80980","3491"
"紅豆","11498","70010","804959"
"花豆","58","20000","1151"
"落花生","68231","46310","3159771"
"大豆","105","25000","2618"
"其他糧食作物","455","42738","19453"
"甘藷","205868","14910","3069487"
"蜀黍","3416","25810","88174"
"栗","325","60000","19498"
"小麥","4034","31160","125692"
"食用玉米","88135","13600","1198641"
"飼料玉米","35097","15000","526461"
"稻米","1347767","28303","38145866"
"蠶","-","-","-"
"盆花類(公頃)","866","1155503","1000180"
"苗圃類(公頃)","7547","426252","3217118"
"種籽類","4","900000","3947"
"球根類","25","43000","1062"
"蘭花","69654","68300","4757385"
"其他切花","23498","82056","1928157"
"天堂鳥","319","104040","33160"
"非洲菊","7265","42000","305147"
"火鶴花","4352","120000","522242"
"滿天星","88","49000","4311"
"玫瑰","10314","55080","568099"
"百合","6057","296040","1793095"
"香石竹","3426","48360","165695"
"洋桔梗","3484","134000","466898"
"大理花","456","40000","18258"
"夜來香","1210","60840","73619"
"唐菖蒲","3366","63600","214088"
"菊花","17968","60500","1087064"
"其他青果類","37932","40288","1528189"
"可可椰子","28208","5980","168682"
"百香果","7510","30930","232287"
"番荔枝","49864","50460","2516130"
"棗","37912","37330","1415268"
"木瓜","132763","23030","3057530"
"蘋果","1519","66950","101678"
"梨","137911","43370","5981216"
"楊桃","13937","21720","302718"
"橄欖","2073","21900","45402"
"荔枝","81143","40400","3278167"
"梅","31880","17470","556941"
"柿","81894","41070","3363374"
"桃","29130","54460","1586404"
"李","22744","24000","545857"
"枇杷","7364","99660","733866"
"葡萄","99967","45770","4575507"
"蓮霧","81667","40000","3266661"
"番石榴","181178","21080","3819233"
"檳榔","124091","65000","8065946"
"芒果","167247","41950","7016029"
"龍眼","94391","29470","2781715"
"其他雜柑類","59707","25532","1524466"
"葡萄柚","8947","20430","182797"
"檸檬","22822","31750","724600"
"柳橙","162345","14730","2391344"
"白柚","13964","25070","350084"
"斗柚","1013","17500","17728"
"文旦柚","70465","27910","1966680"
"桶柑","53194","25190","1339964"
"椪柑","135796","20910","2839494"
"鳳梨","392211","18410","7220603"
"香蕉","295265","19110","5642506"
"香菇","5334","986040","5259521"
"洋菇","3439","95670","329041"
"草莓","7951","90000","715602"
"洋香瓜","37136","34740","1290118"
"香瓜","29142","46430","1353086"
"西瓜","243067","13000","3159871"
"其他果菜類","118668","19415","2303968"
"毛豆","71713","16396","1175814"
"荷蘭豆","4276","70000","299291"
"菜豆","11794","35000","412793"
"番椒","23378","41561","971623"
"蕃茄","111361","35411","3943431"
"茄子","22045","23500","518059"
"苦瓜","27312","40910","1117346"
"冬瓜","22591","12000","271097"
"胡瓜","45090","18000","811629"
"越瓜","3718","9771","36328"
"金針菜","371","556390","206347"
"花椰菜","77722","24128","1875294"
"其他葉菜類","288670","16687","4817086"
"不結球白菜","95484","20000","1909670"
"結球白菜","88533","12380","1096039"
"甘藍","341279","15108","5155979"
"芹菜","23792","30700","730423"
"甕菜","31757","27300","866953"
"大芥菜","36225","11950","432893"
"其他莖菜類","24904","21375","532316"
"荸薺","325","34000","11052"
"蘆筍","3340","75000","250511"
"竹筍","278903","26788","7471248"
"韭菜","41790","19650","821174"
"茭白筍","41644","48000","1998925"
"蒜頭","46759","54000","2524988"
"蒜","15315","40780","624542"
"洋蔥","44986","17000","764764"
"馬鈴薯","45433","23000","1044959"
"蔥頭","15329","41900","642274"
"蔥","97482","45000","4386706"
"芋","41805","36000","1504988"
"薑","34284","22000","754242"
"其他根菜類","14109","12315","173757"
"胡蘿蔔","101929","18000","1834728"
"蘿蔔","81483","9000","733347"
"其他特用作物","27080","131389","3558027"
"山藥","13961","31680","442274"
"香花作物","137","216599","29736"
"樹薯","673","10000","6725"
"芝麻","620","219480","136008"
"菸草","1642","202650","332751"
"茶葉","14902","452000","6735506"
"生食用甘蔗","29062","10230","297299"
"製糖甘蔗","548455","1150","630723"
"其他豆類","725","24015","17404"
"綠豆","45","81080","3621"
"紅豆","10698","48150","515131"
"花豆","9","20000","174"
"落花生","56845","43830","2491497"
"大豆","159","25000","3981"
"其他糧食作物","424","46749","19835"
"甘藷","220514","15400","3395916"
"蜀黍","3564","25960","92516"
"栗","401","60000","24070"
"小麥","6859","31390","215301"
"食用玉米","75359","16140","1216293"
"飼料玉米","29825","18968","565726"
"稻米","1368215","29050","39746469"
"蠶","-","-","-"
"盆花類(公頃)","926","1105452","1023637"
"苗圃類(公頃)","8343","426248","3556284"
"種籽類","5","900000","4235"
"球根類","11","43000","456"
"蘭花","71592","67620","4841071"
"其他切花","23036","84557","1947886"
"天堂鳥","318","124800","39664"
"非洲菊","6533","48000","313596"
"火鶴花","4284","122400","524331"
"滿天星","113","44100","4987"
"玫瑰","9543","53880","514200"
"百合","5919","316680","1874323"
"香石竹","2915","51360","149717"
"洋桔梗","2870","139200","399440"
"大理花","618","35000","21624"
"夜來香","921","62040","57136"
"唐菖蒲","3343","59800","199884"
"菊花","17693","58700","1038605"
"其他青果類","42727","48381","2067174"
"可可椰子","25757","6030","155317"
"百香果","7959","44940","357667"
"番荔枝","52612","54490","2866819"
"棗","38205","40980","1565637"
"木瓜","118822","26360","3132159"
"蘋果","1292","70460","91016"
"梨","109105","43970","4797348"
"楊桃","12976","22580","293007"
"橄欖","2152","21800","46919"
"荔枝","93221","39420","3674761"
"梅","30706","21700","666317"
"柿","63694","46820","2982146"
"桃","27156","61600","1672797"
"李","21582","27930","602795"
"枇杷","7329","81400","596595"
"葡萄","97256","50300","4891954"
"蓮霧","99526","50500","5026052"
"番石榴","182479","21140","3857610"
"檳榔","124054","68000","8435695"
"芒果","215168","42670","9181220"
"龍眼","90975","35000","3184122"
"其他雜柑類","50856","32328","1644108"
"葡萄柚","9044","17040","154117"
"檸檬","30831","35360","1090194"
"柳橙","160496","19490","3128059"
"白柚","13655","27550","376206"
"斗柚","904","27550","24918"
"文旦柚","62187","28700","1784778"
"桶柑","44903","26690","1198469"
"椪柑","133253","27960","3725753"
"鳳梨","413465","19370","8008823"
"香蕉","291292","22390","6522039"
"香菇","5187","1151000","5969756"
"洋菇","2921","107230","313182"
"草莓","8732","91980","803206"
"洋香瓜","42763","33800","1445398"
"香瓜","27194","46430","1262623"
"西瓜","212690","13000","2764964"
"其他果菜類","141304","16300","2303223"
"毛豆","69877","16400","1145979"
"荷蘭豆","4137","66920","276819"
"菜豆","10267","34810","357387"
"番椒","26586","40420","1074587"
"蕃茄","141881","28770","4081905"
"茄子","25198","20560","518061"
"苦瓜","27686","40190","1112706"
"冬瓜","32726","9420","308276"
"胡瓜","43851","18530","812565"
"越瓜","3634","10680","38813"
"金針菜","326","583320","190109"
"花椰菜","81045","23309","1889045"
"其他葉菜類","272392","16890","4600682"
"不結球白菜","79837","20660","1649434"
"結球白菜","80653","12590","1015419"
"甘藍","354390","15240","5400896"
"芹菜","21019","36160","760029"
"甕菜","33785","26300","888534"
"大芥菜","40023","12280","491485"
"其他莖菜類","27902","19158","534556"
"荸薺","195","56960","11087"
"蘆筍","3328","80660","268464"
"竹筍","267092","26790","7155400"
"韭菜","41421","20430","846228"
"茭白筍","43969","52950","2328142"
"蒜頭","43894","56040","2459814"
"蒜","14647","41410","606549"
"洋蔥","51234","16970","869434"
"馬鈴薯","51327","21940","1126108"
"蔥頭","17297","37160","642753"
"蔥","102789","41880","4304797"
"芋","40222","36350","1462083"
"薑","26351","26640","702001"
"其他根菜類","17077","11450","195544"
"胡蘿蔔","113524","16160","1834541"
"蘿蔔","100629","8620","867419"
"其他特用作物","26999","126012","3402220"
"山藥","11854","35470","420456"
"香花作物","137","315903","43286"
"樹薯","583","10000","5834"
"芝麻","1399","226590","316894"
"菸草","1700","204000","346851"
"茶葉","14718","470000","6917312"
"生食用甘蔗","28112","10212","287079"
"製糖甘蔗","505526","1050","530802"
"其他豆類","786","24327","19111"
"綠豆","224","82230","18460"
"紅豆","11858","59508","705627"
"花豆","12","20000","244"
"落花生","46809","56870","2662031"
"大豆","879","50000","43960"
"其他糧食作物","355","44891","15955"
"甘藷","215093","17188","3697016"
"蜀黍","3300","25940","85605"
"栗","576","80000","46099"
"小麥","4127","31290","129125"
"食用玉米","93465","15200","1420672"
"飼料玉米","39440","9000","354958"
"稻米","1275456","28996","36983554"
"蠶","-","-","-"
"盆花類(公頃)","945","1055102","996544"
"苗圃類(公頃)","8316","432820","3599352"
"種籽類","7","900000","6451"
"球根類","3","43000","129"
"蘭花","73715","66940","4934511"
"其他切花","21986","84984","1868415"
"天堂鳥","359","117600","42243"
"非洲菊","6537","49200","321613"
"火鶴花","4214","126000","530906"
"滿天星","159","42270","6726"
"玫瑰","9525","58800","560078"
"百合","5913","322800","1908675"
"香石竹","3042","46800","142363"
"洋桔梗","2940","145200","426834"
"大理花","468","36050","16888"
"夜來香","886","62520","55379"
"唐菖蒲","3640","58800","214051"
"菊花","17077","59300","1012688"
"其他青果類","55586","60017","3336088"
"可可椰子","23383","6590","154097"
"百香果","9265","47060","435997"
"番荔枝","55938","57090","3193494"
"棗","35304","46460","1640226"
"木瓜","115780","28760","3329822"
"蘋果","1507","94210","141951"
"梨","134549","49970","6723438"
"楊桃","12030","31710","381482"
"橄欖","2292","25400","58208"
"荔枝","93078","39180","3646782"
"梅","34709","19890","690355"
"柿","72764","50390","3666595"
"桃","28677","56520","1620799"
"李","15271","30950","472642"
"枇杷","7189","97230","698998"
"葡萄","82199","66310","5450649"
"蓮霧","82390","56150","4626197"
"番石榴","168392","24680","4155925"
"檳榔","121435","88000","10686248"
"芒果","152932","49830","7620614"
"龍眼","101668","27200","2765367"
"其他雜柑類","56631","39349","2228363"
"葡萄柚","9481","17340","164394"
"檸檬","36520","40580","1481983"
"柳橙","162533","19910","3236033"
"白柚","14122","26980","381020"
"斗柚","871","26980","23495"
"文旦柚","65974","26780","1766792"
"桶柑","59520","33260","1979639"
"椪柑","137136","27710","3800034"
"鳳梨","456243","20040","9143108"
"香蕉","299900","24180","7251579"
"香菇","5025","1281063","6437167"
"洋菇","3110","106844","332318"
"草莓","9036","114423","1033923"
"洋香瓜","42498","32900","1398186"
"香瓜","27056","49504","1339358"
"西瓜","211330","14624","3090485"
"其他果菜類","149249","15857","2366647"
"毛豆","62847","16400","1030691"
"荷蘭豆","5128","65000","333306"
"菜豆","9959","36453","363051"
"番椒","27153","32464","881516"
"蕃茄","136066","23990","3264234"
"茄子","26543","22000","583935"
"苦瓜","27671","39000","1079172"
"冬瓜","28227","10437","294610"
"胡瓜","46775","19547","914316"
"越瓜","3928","9053","35558"
"金針菜","330","665568","219633"
"花椰菜","79451","24850","1974367"
"其他葉菜類","273189","17149","4685045"
"不結球白菜","77919","21610","1683827"
"結球白菜","81082","12062","978015"
"甘藍","376417","12770","4806844"
"芹菜","20289","37170","754129"
"甕菜","28482","28640","815718"
"大芥菜","40681","10659","433624"
"其他莖菜類","30079","18348","551880"
"荸薺","181","62400","11286"
"蘆筍","3243","94372","306005"
"竹筍","277201","26265","7280672"
"韭菜","42427","20262","859652"
"茭白筍","42416","60681","2573870"
"蒜頭","59496","31719","1887168"
"蒜","14168","53957","764465"
"洋蔥","64325","13466","866200"
"馬鈴薯","56284","18250","1027187"
"蔥頭","19853","32380","642853"
"蔥","105647","36510","3857171"
"芋","43608","36241","1580393"
"薑","21865","38007","831028"
"其他根菜類","19764","13318","263222"
"胡蘿蔔","130583","10779","1407559"
"蘿蔔","101349","8717","883455"
"其他特用作物","26535","111292","2953115"
"山藥","12805","33700","431516"
"香花作物","171","551148","94248"
"樹薯","518","10000","5182"
"芝麻","2208","240150","530158"
"菸草","1650","206000","339820"
"茶葉","15200","495000","7523876"
"生食用甘蔗","39463","10237","403980"
"製糖甘蔗","502706","1034","519798"
"其他豆類","358","2497","8950"
"綠豆","158","82200","12976"
"紅豆","11769","66890","787204"
"花豆","4","20000","78"
"落花生","68513","65020","4454733"
"大豆","1173","45000","52788"
"其他糧食作物","523","45741","23918"
"甘藷","234883","19057","4476160"
"蜀黍","2203","26000","57289"
"栗","709","85000","60246"
"小麥","6811","31780","216458"
"食用玉米","103608","16120","1670167"
"硬質玉米","62192","9000","559730"
"稻米(糙米)","1399393","29641","41479191"
"其他綠肥","995","14000","13924"
"青皮豆","17936","14000","251101"
"油菜","9476","14000","132667"
"太陽麻","30246","14000","423440"
"大豆","8071","14000","112989"
"田菁","28551","14000","399721"
"其他","412688","1182","487605"
"狼尾草","291842","1170","341455"
"盤固拉","188808","5230","987464"
"盆花類(公頃)","994","1047631","1041345"
"苗圃類(公頃)","8832","419767","3707340"
"種籽類","4","900000","3645"
"球根類","25","43000","1088"
"蘭花","75085","72300","5428652"
"玉蘭花","133","160210","21283"
"其他切花","22766","79679","1813980"
"天堂鳥","507","119200","60380"
"非洲菊","6746","48000","323819"
"火鶴花","3968","127200","504728"
"滿天星","178","43960","7823"
"玫瑰","8105","57600","466874"
"百合","6214","240480","1494347"
"香石竹","2619","51480","134849"
"洋桔梗","2581","147600","381011"
"大理花","512","32800","16805"
"夜來香","785","61320","48160"
"唐菖蒲","3235","56400","182473"
"菊花","17081","62300","1064144"
"其他青果類","61262","55175","3380144"
"可可椰子","21687","6170","133808"
"百香果","9094","44470","404426"
"番荔枝","55426","58230","3227462"
"棗","34191","44740","1529691"
"木瓜","115115","28530","3284235"
"蘋果","1319","100090","132022"
"梨","127016","47030","5973577"
"楊桃","10759","26330","283290"
"橄欖","1979","21200","41952"
"荔枝","87515","36960","3234552"
"梅","32473","23528","764033"
"柿","60929","49487","3015176"
"桃","27026","56580","1529152"
"李","14003","34880","488411"
"枇杷","6848","105600","723119"
"葡萄","85435","59880","5115837"
"蓮霧","65775","46980","3090099"
"番石榴","150687","27280","4110729"
"檳榔","113182","90000","10186357"
"芒果","166260","41950","6974608"
"龍眼","85189","32950","2806964"
"其他雜柑類","49951","39901","1993109"
"葡萄柚","8550","19995","170948"
"檸檬","38705","36230","1402276"
"柳橙","139494","19920","2778717"
"白柚","10850","28620","310525"
"斗柚","979","24940","24421"
"文旦柚","60895","28350","1726366"
"桶柑","52023","37980","1975826"
"椪柑","108058","29820","3222282"
"鳳梨","493998","20680","10215886"
"香蕉","274066","27410","7512153"
"其他菇類","13259","51946","688741"
"金針菇","20305","45900","932014"
"香菇","5119","1220853","6249222"
"洋菇","4820","104310","502747"
"草莓","8251","138452","1142361"
"洋香瓜","41889","36355","1522876"
"香瓜","29881","44108","1318003"
"西瓜","217466","12708","2763563"
"其他果菜類","154086","17246","2657372"
"毛豆","62428","18581","1159966"
"荷蘭豆","3773","62530","235942"
"菜豆","10146","39624","402033"
"番椒","24865","47970","1192789"
"蕃茄","124288","31212","3879275"
"茄子","25519","29920","763543"
"苦瓜","27773","44900","1247018"
"冬瓜","24076","12754","307067"
"胡瓜","47521","21891","1040288"
"越瓜","3720","10695","39781"
"金針菜","345","607664","209753"
"花椰菜","81313","26802","2179360"
"其他葉菜類","288040","19543","5629088"
"不結球白菜","75943","22492","1708107"
"結球白菜","78421","13257","1039626"
"甘藍","361317","16300","5889471"
"芹菜","21062","29178","614561"
"甕菜","32061","29327","940241"
"大芥菜","28779","10723","308595"
"其他莖菜類","28163","20712","583318"
"荸薺","136","72590","9843"
"蘆筍","3014","100601","303185"
"竹筍","247449","27079","6700685"
"韭菜","32480","26632","865001"
"茭白筍","39873","64200","2559868"
"蒜頭","49716","47419","2357465"
"蒜","13012","46139","600357"
"洋蔥","56614","15690","888269"
"馬鈴薯","64250","18916","1215355"
"蔥頭","11513","53920","620788"
"蔥","97147","41183","4000795"
"芋","40408","39285","1587410"
"薑","24465","37019","905688"
"其他根菜類","16640","15908","264714"
"胡蘿蔔","108956","15450","1683377"
"蘿蔔","89720","11500","1031784"
"其他特用作物","27143","122599","3327730"
"山藥","12237","41580","508817"
"香花作物","146","631062","91911"
"樹薯","525","10000","5248"
"芝麻","1955","215160","420560"
"菸草","1604","206000","330456"
"茶葉","14405","474000","6827835"
"生食用甘蔗","46647","11644","543163"
"製糖甘蔗","618264","1028","635575"
"其他豆類","410","2700","11069"
"綠豆","146","81950","11969"
"紅豆","12765","64930","828831"
"花豆","5","20000","102"
"落花生","62083","56070","3481015"
"其他糧食作物","660","44932","29663"
"甘藷","230481","14287","3292882"
"蜀黍","2913","26000","75739"
"栗","669","85000","56881"
"小麥","7335","31800","233244"
"食用玉米","96613","19860","1918738"
"硬質玉米","68694","9000","618247"
"稻米(糙米)","1260362","29690","37419791"
"其他綠肥","3387","14000","47411"
"青皮豆","6966","14000","97523"
"油菜","7552","14000","105730"
"太陽麻","19916","14000","278824"
"大豆","5343","14000","74800"
"田菁","25414","14000","355795"
"其他","431529","1689","728895"
"狼尾草","284556","1180","335776"
"盤固拉","178520","1040","185661"
"盆花類(公頃)","1019","973284","991475"
"苗圃類(公頃)","9220","404090","3725519"
"種籽類","0","900000","387"
"球根類","34","43000","1472"
"蘭花","74903","72470","5428195"
"玉蘭花","130","115000","14978"
"其他切花","23469","75045","1761241"
"天堂鳥","606","153800","93181"
"非洲菊","5719","52800","301988"
"火鶴花","3327","124000","412552"
"滿天星","291","36010","10463"
"玫瑰","7601","64800","492540"
"百合","6340","403080","2555444"
"香石竹","2473","53880","133219"
"洋桔梗","2472","171600","424168"
"大理花","521","32200","16764"
"夜來香","852","52920","45080"
"唐菖蒲","2719","125000","339842"
"菊花","16072","64700","1039841"
"其他青果類","66691","55831","3723413"
"可可椰子","19633","6650","130559"
"百香果","9397","61670","579531"
"番荔枝","25320","66250","1677445"
"棗","29121","45950","1338097"
"木瓜","105921","31810","3369349"
"蘋果","1483","108050","160233"
"梨","111424","67140","7481031"
"楊桃","9207","30310","279050"
"橄欖","1929","21300","41098"
"荔枝","46576","64220","2991082"
"梅","16613","34860","579115"
"柿","60266","49630","2990983"
"桃","22430","79040","1772844"
"李","13727","40810","560197"
"枇杷","5782","110110","636609"
"葡萄","79680","74940","5971248"
"蓮霧","50675","56400","2858044"
"番石榴","133075","31030","4129326"
"檳榔","99992","92000","9199260"
"芒果","106766","78810","8414265"
"龍眼","68927","43980","3031390"
"其他雜柑類","54643","33348","1822247"
"葡萄柚","8026","20750","166537"
"檸檬","36289","31530","1144195"
"柳橙","131329","21980","2886612"
"白柚","10790","26060","281199"
"斗柚","740","23170","17135"
"文旦柚","61811","31670","1957552"
"桶柑","51924","30720","1595103"
"椪柑","107086","31840","3409625"
"鳳梨","527161","22960","12103611"
"香蕉","257559","29410","7574801"
"其他菇類","10251","60927","624544"
"金針菇","19955","46500","927887"
"香菇","5789","1309731","7582185"
"洋菇","4958","94630","469176"
"草莓","7487","161989","1212765"
"洋香瓜","36234","38490","1394643"
"香瓜","29684","43680","1296608"
"西瓜","201133","18115","3643523"
"其他果菜類","178601","14812","2645352"
"毛豆","61783","19670","1215278"
"荷蘭豆","4501","92270","415297"
"菜豆","9807","40132","393579"
"番椒","26281","58476","1536787"
"蕃茄","118958","45195","5376291"
"茄子","24635","34857","858705"
"苦瓜","26503","48880","1295476"
"冬瓜","28766","16100","463139"
"胡瓜","47926","25000","1198142"
"越瓜","3245","9861","31995"
"金針菜","391","572980","223960"
"花椰菜","85118","36210","3082109"
"其他葉菜類","307975","18157","5591877"
"不結球白菜","92717","24500","2271564"
"結球白菜","80096","17650","1413696"
"甘藍","399667","20636","8247533"
"芹菜","20476","39510","809020"
"甕菜","35858","37598","1348198"
"大芥菜","32224","20400","657378"
"其他莖菜類","31099","18749","583075"
"荸薺","222","41140","9149"
"蘆筍","2021","130489","263694"
"竹筍","239800","30626","7344125"
"韭菜","23056","31939","736396"
"茭白筍","43331","68887","2984967"
"蒜頭","34667","95479","3310009"
"蒜","9830","68280","671168"
"洋蔥","60422","18200","1099684"
"馬鈴薯","58023","24980","1449420"
"蔥頭","9772","65810","643108"
"蔥","101228","45845","4640782"
"芋","42715","49216","2102244"
"薑","23417","37019","866878"
"其他根菜類","14812","17876","264773"
"胡蘿蔔","98988","23940","2369772"
"蘿蔔","88197","15203","1340860"
"其他特用作物","19916","148221","2951987"
"山藥","10959","42000","460292"
"香花作物","142","757480","107495"
"樹薯","525","10000","5246"
"芝麻","1470","243210","357440"
"菸草","1371","206000","282510"
"茶葉","13018","584000","7602478"
"生食用甘蔗","46602","11040","514485"
"製糖甘蔗","526843","969","510511"
"其他豆類","488","2874","14014"
"綠豆","187","82680","15456"
"紅豆","11992","83770","1004552"
"花豆","10","20000","210"
"落花生","61832","67610","4180451"
"其他糧食作物","1010","46621","47100"
"甘藷","242030","18080","4375907"
"蜀黍","1582","26400","41752"
"栗","420","85000","35662"
"小麥","3638","31780","115629"
"食用玉米","99750","23950","2389011"
"硬質玉米","65105","9000","585949"
"稻米(糙米)","1264128","30042","37976695"
"其他綠肥","3009.33","14000","42130.62"
"青皮豆","7072.46","14000","99014.44"
"油菜","7157.63","14000","100206.82"
"太陽麻","17846.85","14000","249855.9"
"大豆","4022.15","14000","56310.1"
"田菁","21970.28","14000","307583.92"
"其他","443626.538","1684.21741","747163.5388"
"狼尾草","285088.322","1160","330702.4535"
"盤固拉","212628.133","1050","223259.5397"
"盆花類(公頃)","1056.6","1101073.56","1163394.324"
"苗圃類(公頃)","9468.74","449014.5425","4251601.959"
"種籽類","4.08","900000","3672"
"球根類","13.69","43000","588.67"
"蘭花","76880.462","77200","5935171.666"
"其他切花","16030.138","65954.86696","1057265.619"
"玉蘭花","124.203","86700","10768.4001"
"天堂鳥","555.439","111720","62053.64508"
"非洲菊","5375.894","57000","306425.958"
"火鶴花","3694.045","122160","451264.5372"
"滿天星","325.943","70850","23093.06155"
"玫瑰","7574.696","64200","486295.4832"
"百合","5982.784","278060","1663572.919"
"香石竹","2335.48","47760","111542.5248"
"洋桔梗","1648.569","152880","252033.2287"
"大理花","150.88","109440","16512.3072"
"文心蘭","5282.163","78960","417079.5905"
"夜來香","940.237","47520","44680.06224"
"唐菖蒲","2263.159","47040","106458.9994"
"菊花","15502.929","74676","1157696.726"
"其他青果類","85781.15759","48937.68098","4197930.924"
"可可椰子","20348.13863","8100","164819.9229"
"百香果","11546.7375","69490","802382.7889"
"番荔枝","52816.50688","91313.60801","4822865.806"
"棗","22956.21905","71380","1638614.916"
"木瓜","125521.0367","37400","4694486.773"
"蘋果","1451.0405","73600","106796.5808"
"梨","117694.4455","63340","7454766.178"
"楊桃","9751.9155","30050","293045.0608"
"橄欖","1481.2665","18800","27847.8102"
"荔枝","59796.43722","75908","4539027.956"
"梅","15565.147","41830","651090.099"
"柿","63115.483","68080","4296902.083"
"桃","23254.494","72090","1676416.472"
"李","12787.4086","54500","696913.7687"
"枇杷","6576.7215","121560","799466.2655"
"葡萄","92601.736","71720","6641396.506"
"蓮霧","50157.55149","59250","2971834.926"
"番石榴","172981.7823","33350","5768942.438"
"檳榔","102164.9029","111600","11401603.17"
"芒果","150558.941","51303.1855","7724153.279"
"龍眼","68544.93245","58380","4001653.156"
"其他雜柑類","58334.41088","34824.65025","2031475.456"
"葡萄柚","8849.806","21340","188854.86"
"檸檬","36574.67061","41180","1506144.936"
"柳橙","153966.4825","27480","4230998.939"
"晚崙西亞橙","1308.668","33900","44363.8452"
"溫州蜜柑","190.266","30100","5727.0066"
"白柚","11661.81395","30010","349971.0366"
"斗柚","723.6505","30010","21716.75151"
"文旦柚","78240.66944","39130","3061557.395"
"桶柑","56910.485","32060","1824550.149"
"椪柑","127045.148","31480","3999381.259"
"鳳梨","553530.8234","23520","13019044.97"
"香蕉","356016.9459","34610","12321746.5"
"其他菇類","9994.46","176957.638","1768596.034"
"金針菇","20889.95","41800","873199.91"
"香菇","5276.346","1488820","7855529.452"
"洋菇","4945.331","99310","491120.8216"
"草莓","8907.618","183950","1638556.331"
"洋香瓜","34636.968","32850","1137824.399"
"香瓜","31475.502","32100","1010363.614"
"西瓜","210661.301","12710","2677505.136"
"其他果菜類","176898.136","25161.87604","4451088.97"
"毛豆","78570.015","17140","1346690.057"
"豌豆","4096.294","61800","253150.9692"
"菜豆","10692.049","37490","400844.917"
"番椒","27855.456","41247.54626","1148969.21"
"蕃茄","111124.819","46040","5116186.667"
"茄子","32014.505","23560","754261.7378"
"苦瓜","27878.774","35350","985514.6609"
"冬瓜","25904.271","9180","237801.2078"
"胡瓜","51264.255","23760","1218038.699"
"越瓜","3082.836","13200","40693.4352"
"金針菜","404.414","642090","259670.1853"
"花椰菜","69962.673","27689.46882","1937229.253"
"其他葉菜類","325693.094","20894","6804882.072"
"不結球白菜","98351.084","19570","1924730.714"
"結球白菜","85211.801","12960","1104344.941"
"甘藍","422320.252","13960","5895590.718"
"芹菜","22561.097","20600","464758.5982"
"甕菜","35108.14","30630","1075362.328"
"大芥菜","39207.379","6480","254063.8159"
"其他莖菜類","32155.998","33396.68981","752587.8974"
"荸薺","122.912","62000","7620.544"
"蘆筍","2555.85","140270","358509.0795"
"竹筍","257895.402","45365","11699424.91"
"韭菜","23938.635","35020","838330.9977"
"茭白筍","44793.308","65170","2919179.882"
"蒜頭","36543.124","104600","3822410.77"
"青蒜","7195.085","82850","596112.7923"
"洋蔥","61167.653","16730","1023334.835"
"馬鈴薯","54929.287","20530","1127698.262"
"蔥頭","15499.951","53900","835447.3589"
"蔥","111883.327","50410","5640038.514"
"芋","44129.548","34860","1538356.043"
"薑","22097.702","38030","840375.6071"
"其他根菜類","12201.835","22504.42027","274595.2229"
"胡蘿蔔","114447.221","10700","1224585.265"
"蘿蔔","97103.958","8460","821499.4847"
"其他特用作物","21975.687","147505.5575","3241535.962"
"山藥","14710.936","42180","620507.2805"
"香花作物","157.688","875835.1935","138108.7"
"樹薯","565.248","10000","5652.48"
"芝麻","3415.274","265300","906072.1922"
"菸草","1334.651","207410","276819.9639"
"茶葉","13443.206","568330","7640177.266"
"生食用甘蔗","46561.271","10780","501930.5014"
"製糖甘蔗","455143.946","1034","470618.8402"
"其他豆類","499.34","29323.32078","14642.307"
"綠豆","378.051","88470","33446.17197"
"紅豆","11640.669","78510","913908.9232"
"花豆","13.853","20000","277.06"
"落花生","63287.118","72480","4587050.313"
"其他糧食作物","1279.11","44601.78523","57050.5895"
"甘藷","241693.572","16720","4041116.524"
"蜀黍(高粱)","2042.884","26000","53114.984"
"栗","385.014","85000","32726.19"
"小麥","5379.411","30970","166600.3587"
"食用玉米","110346.566","17950","1980720.86"
"硬質玉米","74951.967","7640","572633.0279"
"稻米(糙米)","1396070.975","29007.37622","40496356"
